{
"configs" : [
  {
"server" : "freed.banjx.com",
"server_port" : 13207,
"password" : "37346901",
"method" : "aes-256-cfb",
"remarks" : ""}
,
  {
"server" : "freejpd.banjx.com",
"server_port" : 13207,
"password" : "37346901",
"method" : "aes-256-cfb",
"remarks" : ""}
,
  {
"server" : "23.105.209.223",
"server_port" : 443,
"password" : "NWM4OTgyZj",
"method" : "aes-256-cfb",
"remarks" : ""}

],
"strategy" : null,
"index" : 2,
"global" : false,
"enabled" : true,
"shareOverLan" : true,
"isDefault" : false,
"localPort" : 1089,
"pacUrl" : null,
"useOnlinePac" : false}
